Date,Calorie burned,Steps,Distance,Floors,Minutes Sedentary,Minutes Lightly Active,Minutes Fairly Active,Minutes Very Active,Activity Calories,MinutesOfSleep,MinutesOfBeingAwake,NumberOfAwakings,LengthOfRestInMinutes,Distance_miles,Days,Days_encoded,Work_or_Weekend,Hours Sleep,Sleep efficiency,Yesterday_sleep,Yesterday_sleep_efficiency,Months,Months_encoded
2015-05-08,1934,905,0.65,0,1.355,46,0,0,1680,384,26,23,417,40.389.115,Friday,4.0,1,6.4,920.863.309.353,0.0,0.0,May,5
2015-05-09,3631,18925,14.11,4,611.0,316,61,60,2248,454,35,21,491,876.754.481,Saturday,5.0,0,756.666.666.667,924.643.584.521,6.4,920.863.309.353,May,5
2015-05-10,3204,14228,10.57,1,602.0,226,14,77,1719,387,46,25,436,656.789.147,Sunday,6.0,0,6.45,887.614.678.899,756.666.666.667,924.643.584.521,May,5
2015-05-11,2673,6756,05.02,8,749.0,190,23,4,9620,311,31,21,350,311.928.242,Monday,0.0,1,518.333.333.333,888.571.428.571,6.45,887.614.678.899,May,5
2015-05-12,2495,502,3.73,1,876.0,171,0,0,7360,407,65,44,491,231.771.383,Tuesday,1.0,1,678.333.333.333,828.920.570.265,518.333.333.333,888.571.428.571,May,5
2015-05-13,276,779,5.79,15,726.0,172,34,18,1094,405,47,31,457,359.773.809,Wednesday,2.0,1,6.75,886.214.442.013,678.333.333.333,828.920.570.265,May,5
2015-05-14,2687,5614,4.17,2,782.0,216,13,1,9830,381,28,12,415,259.111.707,Thursday,3.0,1,6.35,918.072.289.157,6.75,886.214.442.013,May,5
2015-05-15,2793,8169,06.07,14,801.0,218,8,7,1092,269,34,16,306,377.172.197,Friday,4.0,1,448.333.333.333,87.908.496.732,6.35,918.072.289.157,May,5
2015-05-16,4061,19971,14.84,18,532.0,247,101,118,27,452,26,18,507,922.114.564,Saturday,5.0,0,753.333.333.333,891.518.737.673,448.333.333.333,87.908.496.732,May,5
2015-05-17,3349,852,6.33,12,606.0,186,46,73,1766,269,17,11,291,393.327.843,Sunday,6.0,0,448.333.333.333,92.439.862.543,753.333.333.333,891.518.737.673,May,5
2015-05-18,2961,11998,8.91,20,936.0,189,18,51,1371,167,9,8,180,553.641.561,Monday,0.0,1,278.333.333.333,927.777.777.778,448.333.333.333,92.439.862.543,May,5
2015-05-19,2911,12425,9.23,14,827.0,186,18,54,1351,368,50,27,420,573.525.433,Tuesday,1.0,1,613.333.333.333,87.619.047.619,278.333.333.333,927.777.777.778,May,5
2015-05-20,2569,6008,4.46,8,783.0,214,15,2,9390,386,30,22,420,277.131.466,Wednesday,2.0,1,643.333.333.333,919.047.619.048,613.333.333.333,87.619.047.619,May,5
2015-05-21,3228,16291,12.1,18,616.0,237,48,52,1766,351,46,26,399,75.185.891,Thursday,3.0,1,5.85,87.969.924.812,643.333.333.333,919.047.619.048,May,5
2015-05-22,2529,6111,4.54,8,820.0,190,14,5,8820,314,32,26,353,282.102.434,Friday,4.0,1,523.333.333.333,889.518.413.598,5.85,87.969.924.812,May,5
2015-05-23,4197,17928,13.32,17,533.0,262,79,132,288,432,35,24,469,827.666.172,Saturday,5.0,0,7.2,921.108.742.004,523.333.333.333,889.518.413.598,May,5
2015-05-24,3899,13893,10.32,6,641.0,222,33,140,2502,224,24,19,270,641.254.872,Sunday,6.0,0,373.333.333.333,82.962.962.963,7.2,921.108.742.004,May,5
2015-05-25,2519,5109,3.8,8,861.0,200,0,0,8470,0,0,0,0,23.612.098,Monday,0.0,1,0.0,0.0,373.333.333.333,82.962.962.963,May,5
2015-05-26,2357,443,3.29,6,1.269,156,0,0,6440,389,39,28,430,204.431.059,Tuesday,1.0,1,648.333.333.333,904.651.162.791,0.0,0.0,May,5
2015-05-27,3209,7498,5.57,18,692.0,196,64,50,1676,381,24,17,412,346.103.647,Wednesday,2.0,1,6.35,924.757.281.553,648.333.333.333,904.651.162.791,May,5
2015-05-28,2811,849,6.31,14,771.0,212,8,13,1148,417,66,32,486,392.085.101,Thursday,3.0,1,6.95,858.024.691.358,6.35,924.757.281.553,May,5
2015-05-29,2558,565,4.2,8,789.0,208,0,0,8900,464,35,26,503,26.097.582,Friday,4.0,1,773.333.333.333,922.465.208.748,6.95,858.024.691.358,May,5
2015-05-30,417,21479,15.98,16,503.0,230,55,153,2794,328,53,25,382,992.950.858,Saturday,5.0,0,546.666.666.667,858.638.743.455,773.333.333.333,922.465.208.748,May,5
2015-05-31,3533,18995,14.11,12,660.0,269,86,43,2092,426,54,33,495,876.754.481,Sunday,6.0,0,7.1,860.606.060.606,546.666.666.667,858.638.743.455,May,5
2015-06-01,3354,16836,12.51,8,586.0,248,35,70,1862,430,41,26,484,777.335.121,Monday,0.0,1,716.666.666.667,888.429.752.066,7.1,860.606.060.606,June,6
2015-06-02,3369,15944,11.85,29,640.0,214,15,93,1827,376,46,34,436,736.324.635,Tuesday,1.0,1,626.666.666.667,862.385.321.101,716.666.666.667,888.429.752.066,June,6
2015-06-03,3168,14273,10.6,11,721.0,178,16,89,1592,312,44,29,369,65.865.326,Wednesday,2.0,1,5.2,845.528.455.285,626.666.666.667,862.385.321.101,June,6
2015-06-04,347,1606,11.93,11,724.0,239,38,70,1939,388,21,15,415,741.295.603,Thursday,3.0,1,646.666.666.667,934.939.759.036,5.2,845.528.455.285,June,6
2015-06-05,3134,13594,10.1,16,677.0,215,36,52,1583,409,56,34,468,62.758.471,Friday,4.0,1,681.666.666.667,873.931.623.932,646.666.666.667,934.939.759.036,June,6
2015-06-06,3436,1548,11.5,11,520.0,246,78,42,1927,426,54,27,495,71.457.665,Saturday,5.0,0,7.1,860.606.060.606,681.666.666.667,873.931.623.932,June,6
2015-06-07,3634,1944,14.48,8,966.0,210,28,130,2155,430,41,19,484,899.745.208,Sunday,6.0,0,716.666.666.667,888.429.752.066,7.1,860.606.060.606,June,6
2015-06-08,3267,13926,10.35,21,701.0,265,63,29,1785,376,46,30,436,643.118.985,Monday,0.0,1,626.666.666.667,862.385.321.101,716.666.666.667,888.429.752.066,June,6
2015-06-09,3072,11338,8.42,28,806.0,228,43,31,1494,312,44,25,369,523.194.382,Tuesday,1.0,1,5.2,845.528.455.285,626.666.666.667,862.385.321.101,June,6
2015-06-10,275,714,5.31,12,785.0,220,20,4,1081,388,21,14,415,329.948.001,Wednesday,2.0,1,646.666.666.667,934.939.759.036,5.2,845.528.455.285,June,6
2015-06-11,3187,15449,11.48,22,676.0,205,39,64,1676,409,56,30,468,713.333.908,Thursday,3.0,1,681.666.666.667,873.931.623.932,646.666.666.667,934.939.759.036,June,6
2015-06-12,3207,1192,8.86,11,593.0,352,34,11,1777,54,18,3,87,550.534.706,Friday,4.0,1,0.9,620.689.655.172,681.666.666.667,873.931.623.932,June,6
2015-06-13,4083,26444,19.65,22,549.0,429,56,56,2818,347,45,21,401,1.220.994.015,Saturday,5.0,0,578.333.333.333,865.336.658.354,0.9,620.689.655.172,June,6
2015-06-14,2789,12335,9.16,35,1.245,88,10,93,1209,290,33,14,332,569.175.836,Sunday,6.0,0,483.333.333.333,873.493.975.904,578.333.333.333,865.336.658.354,June,6
2015-06-15,3234,14137,10.5,11,642.0,305,8,51,1756,379,24,14,411,65.243.955,Monday,0.0,1,631.666.666.667,922.141.119.221,483.333.333.333,873.493.975.904,June,6
2015-06-16,2952,11568,8.66,13,734.0,189,17,54,1352,394,29,17,436,538.107.286,Tuesday,1.0,1,656.666.666.667,903.669.724.771,631.666.666.667,922.141.119.221,June,6
2015-06-17,3352,16813,12.52,52,709.0,202,2,110,1809,421,23,13,448,777.956.492,Wednesday,2.0,1,701.666.666.667,939.732.142.857,656.666.666.667,903.669.724.771,June,6
2015-06-18,3425,15217,11.31,61,641.0,280,44,59,1974,169,20,11,196,702.770.601,Thursday,3.0,1,281.666.666.667,862.244.897.959,701.666.666.667,939.732.142.857,June,6
2015-06-19,309,13158,9.78,101,715.0,171,30,66,1511,0,0,0,0,607.700.838,Friday,4.0,1,0.0,0.0,281.666.666.667,862.244.897.959,June,6
2015-06-20,3699,19311,14.35,14,519.0,291,55,93,2348,412,17,9,436,891.667.385,Saturday,5.0,0,686.666.666.667,94.495.412.844,0.0,0.0,June,6
2015-06-21,3385,16186,12.03,42,637.0,229,52,75,1921,379,49,30,438,747.509.313,Sunday,6.0,0,631.666.666.667,865.296.803.653,686.666.666.667,94.495.412.844,June,6
2015-06-22,3088,12713,9.48,59,631.0,225,24,44,1533,373,47,23,427,589.059.708,Monday,0.0,1,621.666.666.667,873.536.299.766,631.666.666.667,865.296.803.653,June,6
2015-06-23,2823,9132,6.79,15,777.0,223,32,15,1236,360,51,26,416,421.910.909,Tuesday,1.0,1,6.0,865.384.615.385,621.666.666.667,873.536.299.766,June,6
2015-06-24,3678,20239,15.04,25,621.0,292,37,95,2292,358,42,22,401,934.541.984,Wednesday,2.0,1,596.666.666.667,8.927.680.798,6.0,865.384.615.385,June,6
2015-06-25,3003,11199,8.32,28,737.0,227,36,20,1419,415,48,29,468,516.980.672,Thursday,3.0,1,691.666.666.667,886.752.136.752,596.666.666.667,8.927.680.798,June,6
2015-06-26,3534,20269,15.06,4,720.0,218,54,99,2078,464,39,24,503,935.784.726,Friday,4.0,1,773.333.333.333,922.465.208.748,691.666.666.667,886.752.136.752,June,6
2015-06-27,3022,11655,8.66,10,670.0,220,28,53,1491,388,54,28,444,538.107.286,Saturday,5.0,0,646.666.666.667,873.873.873.874,773.333.333.333,922.465.208.748,June,6
2015-06-28,3237,12314,9.15,21,601.0,290,25,51,175,449,24,15,480,568.554.465,Sunday,6.0,0,748.333.333.333,935.416.666.667,646.666.666.667,873.873.873.874,June,6
2015-06-29,3142,12586,9.35,19,735.0,234,35,49,1579,357,29,15,395,580.981.885,Monday,0.0,1,5.95,903.797.468.354,748.333.333.333,935.416.666.667,June,6
2015-06-30,2945,12445,9.25,11,635.0,200,18,58,1393,379,38,21,420,574.768.175,Tuesday,1.0,1,631.666.666.667,902.380.952.381,5.95,903.797.468.354,June,6
2015-07-01,3352,14193,10.55,19,669.0,210,47,70,1782,332,16,7,349,655.546.405,Wednesday,2.0,1,553.333.333.333,951.289.398.281,631.666.666.667,902.380.952.381,July,7
2015-07-02,3063,1156,8.62,30,708.0,158,25,67,1419,413,38,19,454,535.621.802,Thursday,3.0,1,688.333.333.333,909.691.629.956,553.333.333.333,951.289.398.281,July,7
2015-07-03,3465,15695,11.66,22,648.0,248,63,54,1947,438,45,22,488,724.518.586,Friday,4.0,1,7.3,897.540.983.607,688.333.333.333,909.691.629.956,July,7
2015-07-04,2894,9747,7.24,8,646.0,253,22,19,1337,277,42,15,320,449.872.604,Saturday,5.0,0,461.666.666.667,865.625,7.3,897.540.983.607,July,7
2015-07-05,3515,15731,11.69,17,567.0,317,52,55,2111,291,22,17,317,726.382.699,Sunday,6.0,0,4.85,917.981.072.555,461.666.666.667,865.625,July,7
2015-07-06,2699,8391,6.23,11,877.0,136,36,30,1082,370,26,14,444,387.114.133,Monday,0.0,1,616.666.666.667,833.333.333.333,4.85,917.981.072.555,July,7
2015-07-07,274,8326,6.19,11,1.118,217,10,3,1106,455,21,13,482,384.628.649,Tuesday,1.0,1,758.333.333.333,94.398.340.249,616.666.666.667,833.333.333.333,July,7
2015-07-08,3244,14241,10.58,14,700.0,234,22,59,1662,311,19,11,333,657.410.518,Wednesday,2.0,1,518.333.333.333,933.933.933.934,758.333.333.333,94.398.340.249,July,7
2015-07-09,2994,7298,5.42,6,836.0,290,10,1,1322,550,44,19,594,336.783.082,Thursday,3.0,1,916.666.666.667,925.925.925.926,518.333.333.333,933.933.933.934,July,7
2015-07-10,3134,10644,7.91,15,683.0,283,36,17,1606,368,57,27,431,491.504.461,Friday,4.0,1,613.333.333.333,853.828.306.265,916.666.666.667,925.925.925.926,July,7
2015-07-11,3191,12371,9.19,11,639.0,194,46,60,1589,250,19,13,282,571.039.949,Saturday,5.0,0,416.666.666.667,886.524.822.695,613.333.333.333,853.828.306.265,July,7
2015-07-12,281,758,5.63,10,607.0,258,16,0,1201,76,10,7,92,349.831.873,Sunday,6.0,0,126.666.666.667,826.086.956.522,416.666.666.667,886.524.822.695,July,7
2015-07-13,3259,12168,09.04,18,731.0,212,52,60,1725,360,39,18,425,561.719.384,Monday,0.0,1,6.0,847.058.823.529,126.666.666.667,826.086.956.522,July,7
2015-07-14,3383,15135,11.28,20,740.0,167,47,87,1813,248,12,7,261,700.906.488,Tuesday,1.0,1,413.333.333.333,950.191.570.881,6.0,847.058.823.529,July,7
2015-07-15,3569,14996,11.14,32,573.0,321,50,54,2155,410,52,27,463,692.207.294,Wednesday,2.0,1,683.333.333.333,885.529.157.667,413.333.333.333,950.191.570.881,July,7
2015-07-16,3017,8704,6.47,14,697.0,225,31,29,1392,465,31,16,501,402.027.037,Thursday,3.0,1,7.75,928.143.712.575,683.333.333.333,885.529.157.667,July,7
2015-07-17,3228,12739,9.47,16,761.0,247,47,47,1733,406,22,17,435,588.438.337,Friday,4.0,1,676.666.666.667,933.333.333.333,7.75,928.143.712.575,July,7
2015-07-18,3352,13247,9.84,20,484.0,317,31,47,191,347,29,15,385,611.429.064,Saturday,5.0,0,578.333.333.333,901.298.701.299,676.666.666.667,933.333.333.333,July,7
2015-07-19,3237,1166,8.66,10,680.0,286,5,53,1703,362,24,14,393,538.107.286,Sunday,6.0,0,603.333.333.333,921.119.592.875,578.333.333.333,901.298.701.299,July,7
2015-07-20,3278,13702,10.18,21,708.0,246,48,43,1775,418,20,11,438,632.555.678,Monday,0.0,1,696.666.666.667,954.337.899.543,603.333.333.333,921.119.592.875,July,7
2015-07-21,304,1124,8.35,17,732.0,208,52,24,1438,411,31,11,451,518.844.785,Tuesday,1.0,1,6.85,911.308.203.991,696.666.666.667,954.337.899.543,July,7
2015-07-22,3071,13262,9.85,20,1.093,166,33,70,1495,304,28,16,338,612.050.435,Wednesday,2.0,1,506.666.666.667,899.408.284.024,6.85,911.308.203.991,July,7
2015-07-23,2984,909,6.75,17,719.0,234,23,23,1349,343,50,24,398,419.425.425,Thursday,3.0,1,571.666.666.667,861.809.045.226,506.666.666.667,899.408.284.024,July,7
2015-07-24,3468,15779,11.72,23,618.0,346,48,21,2073,368,18,10,391,728.246.812,Friday,4.0,1,613.333.333.333,941.176.470.588,571.666.666.667,861.809.045.226,July,7
2015-07-25,2706,6174,4.59,3,677.0,231,13,4,1046,380,34,24,420,285.209.289,Saturday,5.0,0,633.333.333.333,904.761.904.762,613.333.333.333,941.176.470.588,July,7
2015-07-26,309,11614,8.63,9,503.0,301,2,40,1573,322,41,13,363,536.243.173,Sunday,6.0,0,536.666.666.667,887.052.341.598,633.333.333.333,904.761.904.762,July,7
2015-07-27,3091,1346,10.0,13,822.0,190,29,64,1527,0,0,0,0,621.371,Monday,0.0,1,0.0,0.0,536.666.666.667,887.052.341.598,July,7
2015-07-28,298,10,7.43,13,803.0,230,44,11,137,472,29,16,519,461.678.653,Tuesday,1.0,1,786.666.666.667,909.441.233.141,0.0,0.0,July,7
2015-07-29,3138,1068,7.94,16,634.0,322,21,4,1628,292,23,16,343,493.368.574,Wednesday,2.0,1,486.666.666.667,851.311.953.353,786.666.666.667,909.441.233.141,July,7
2015-07-30,3246,14105,10.48,20,718.0,225,60,44,1727,304,47,21,357,651.196.808,Thursday,3.0,1,506.666.666.667,851.540.616.246,486.666.666.667,851.311.953.353,July,7
2015-07-31,2654,9194,6.83,20,784.0,198,7,0,9140,419,51,25,480,424.396.393,Friday,4.0,1,698.333.333.333,872.916.666.667,506.666.666.667,851.540.616.246,July,7
2015-08-01,3453,17497,13.02,11,1.092,219,54,45,1673,172,6,7,185,809.025.042,Saturday,5.0,0,286.666.666.667,92.972.972.973,698.333.333.333,872.916.666.667,August,8
2015-08-02,2651,5765,4.28,8,544.0,245,6,6,1039,303,48,31,356,265.946.788,Sunday,6.0,0,05.05,851.123.595.506,286.666.666.667,92.972.972.973,August,8
2015-08-03,342,15362,11.41,16,683.0,226,65,54,1883,368,29,23,406,708.984.311,Monday,0.0,1,613.333.333.333,906.403.940.887,05.05,851.123.595.506,August,8
2015-08-04,2863,987,7.33,20,793.0,186,28,32,1225,389,36,19,433,455.464.943,Tuesday,1.0,1,648.333.333.333,898.383.371.824,613.333.333.333,906.403.940.887,August,8
2015-08-05,3326,14502,10.78,34,520.0,250,41,59,1838,415,39,31,467,669.837.938,Wednesday,2.0,1,691.666.666.667,888.650.963.597,648.333.333.333,898.383.371.824,August,8
2015-08-06,3472,14652,10.89,26,562.0,350,42,20,2079,0,0,0,0,676.673.019,Thursday,3.0,1,0.0,0.0,691.666.666.667,888.650.963.597,August,8
2015-08-07,2849,7628,5.67,11,638.0,283,11,8,1297,529,78,38,607,352.317.357,Friday,4.0,1,881.666.666.667,871.499.176.277,0.0,0.0,August,8
2015-08-08,3168,13877,10.31,32,609.0,206,57,51,1638,294,42,18,351,640.633.501,Saturday,5.0,0,4.9,837.606.837.607,881.666.666.667,871.499.176.277,August,8
2015-08-09,3109,11433,8.49,15,561.0,236,40,35,1564,303,27,16,336,527.543.979,Sunday,6.0,0,05.05,901.785.714.286,4.9,837.606.837.607,August,8
2015-08-10,3139,13655,10.15,13,985.0,285,8,23,1617,553,31,20,592,630.691.565,Monday,0.0,1,921.666.666.667,934.121.621.622,05.05,901.785.714.286,August,8
2015-08-11,2857,13535,10.08,7,1.348,44,4,14,3470,402,22,12,427,626.341.968,Tuesday,1.0,1,6.7,941.451.990.632,921.666.666.667,934.121.621.622,August,8
2015-08-12,2055,1883,1.4,1,1.37,70,0,0,2870,192,22,12,230,8.699.194,Wednesday,2.0,1,3.2,834.782.608.696,6.7,941.451.990.632,August,8
2015-08-13,3218,11354,8.44,8,694.0,366,4,10,1718,487,27,17,518,524.437.124,Thursday,3.0,1,811.666.666.667,940.154.440.154,3.2,834.782.608.696,August,8
2015-08-14,301,11532,8.57,4,572.0,301,26,10,1542,544,39,24,583,532.514.947,Friday,4.0,1,906.666.666.667,933.104.631.218,811.666.666.667,940.154.440.154,August,8
2015-08-15,2813,6129,4.55,3,635.0,256,8,1,1159,77,0,0,77,282.723.805,Saturday,5.0,0,128.333.333.333,100.0,906.666.666.667,933.104.631.218,August,8
2015-08-16,2706,6238,4.64,3,688.0,267,0,0,1084,80,2,5,92,288.316.144,Sunday,6.0,0,133.333.333.333,869.565.217.391,128.333.333.333,100.0,August,8
2015-08-17,3683,15572,11.57,9,515.0,472,33,14,2362,0,0,0,0,718.926.247,Monday,0.0,1,0.0,0.0,133.333.333.333,869.565.217.391,August,8
2015-08-18,3106,10886,08.09,19,639.0,292,27,20,1578,263,33,17,297,502.689.139,Tuesday,1.0,1,438.333.333.333,885.521.885.522,0.0,0.0,August,8
2015-08-19,3217,12213,09.07,6,421.0,381,13,8,1834,219,15,11,237,563.583.497,Wednesday,2.0,1,3.65,924.050.632.911,438.333.333.333,885.521.885.522,August,8
2015-08-20,3421,12929,9.61,4,565.0,425,25,18,207,551,42,27,593,597.137.531,Thursday,3.0,1,918.333.333.333,929.173.693.086,3.65,924.050.632.911,August,8
2015-08-21,3382,16365,12.16,5,461.0,329,45,16,195,429,34,16,465,755.587.136,Friday,4.0,1,7.15,922.580.645.161,918.333.333.333,929.173.693.086,August,8
2015-08-22,3498,17252,12.82,15,481.0,382,19,42,2164,263,7,13,285,796.597.622,Saturday,5.0,0,438.333.333.333,922.807.017.544,7.15,922.580.645.161,August,8
2015-08-23,3288,14537,10.8,3,518.0,345,19,47,1937,445,75,38,526,67.108.068,Sunday,6.0,0,741.666.666.667,846.007.604.563,438.333.333.333,922.807.017.544,August,8
2015-08-24,3215,13404,9.96,18,685.0,192,38,71,1648,212,33,15,247,618.885.516,Monday,0.0,1,353.333.333.333,858.299.595.142,741.666.666.667,846.007.604.563,August,8
2015-08-25,3063,1094,8.13,12,697.0,199,52,50,153,324,22,13,354,505.174.623,Tuesday,1.0,1,5.4,915.254.237.288,353.333.333.333,858.299.595.142,August,8
2015-08-26,2928,10032,7.45,13,757.0,175,45,45,1328,465,60,33,525,462.921.395,Wednesday,2.0,1,7.75,885.714.285.714,5.4,915.254.237.288,August,8
2015-08-27,3229,14008,10.41,6,544.0,334,18,35,1828,440,33,23,476,646.847.211,Thursday,3.0,1,733.333.333.333,924.369.747.899,7.75,885.714.285.714,August,8
2015-08-28,3356,12149,09.03,11,1.051,369,9,11,1861,518,28,19,549,561.098.013,Friday,4.0,1,863.333.333.333,943.533.697.632,733.333.333.333,924.369.747.899,August,8
2015-08-29,389,19977,14.84,26,648.0,395,23,74,254,375,49,33,446,922.114.564,Saturday,5.0,0,6.25,840.807.174.888,863.333.333.333,943.533.697.632,August,8
2015-08-30,2961,11924,8.91,64,1.421,0,0,0,0,326,13,6,339,553.641.561,Sunday,6.0,0,543.333.333.333,961.651.917.404,6.25,840.807.174.888,August,8
2015-08-31,3136,10757,7.99,15,1.187,145,43,65,1532,397,21,14,437,496.475.429,Monday,0.0,1,661.666.666.667,908.466.819.222,543.333.333.333,961.651.917.404,August,8
2015-09-01,3681,12229,9.11,24,689.0,421,17,16,22,497,47,37,549,566.068.981,Tuesday,1.0,1,828.333.333.333,905.282.331.512,661.666.666.667,908.466.819.222,September,9
2015-09-02,3009,1033,7.68,16,770.0,248,16,15,1369,0,0,0,0,477.212.928,Wednesday,2.0,1,0.0,0.0,828.333.333.333,905.282.331.512,September,9
2015-09-03,3094,11689,8.69,11,1.043,182,50,51,153,234,5,8,250,539.971.399,Thursday,3.0,1,3.9,93.6,0.0,0.0,September,9
2015-09-04,3518,15627,11.61,26,606.0,284,50,55,2063,52,6,3,69,721.411.731,Friday,4.0,1,866.666.666.667,753.623.188.406,3.9,93.6,September,9
2015-09-05,2885,10681,7.94,1,656.0,240,15,30,1356,0,0,0,0,493.368.574,Saturday,5.0,0,0.0,0.0,866.666.666.667,753.623.188.406,September,9
2015-09-06,2745,7907,5.88,0,654.0,287,0,0,1217,125,13,9,141,365.366.148,Sunday,6.0,0,208.333.333.333,886.524.822.695,0.0,0.0,September,9
2015-09-07,2829,9487,07.05,17,1.156,152,40,28,1197,316,46,20,366,438.066.555,Monday,0.0,1,526.666.666.667,863.387.978.142,208.333.333.333,886.524.822.695,September,9
2015-09-08,2742,8253,6.13,11,1.137,91,16,29,7630,0,0,0,0,380.900.423,Tuesday,1.0,1,0.0,0.0,526.666.666.667,863.387.978.142,September,9
2015-09-09,4351,22238,16.52,16,355.0,407,87,85,3181,452,26,18,489,1.026.504.892,Wednesday,2.0,1,753.333.333.333,924.335.378.323,0.0,0.0,September,9
2015-09-10,2967,1065,7.91,15,940.0,198,38,42,1421,479,32,21,512,491.504.461,Thursday,3.0,1,798.333.333.333,935.546.875,753.333.333.333,924.335.378.323,September,9
2015-09-11,3054,12038,8.94,14,700.0,201,44,57,153,382,30,18,414,555.505.674,Friday,4.0,1,636.666.666.667,92.270.531.401,798.333.333.333,935.546.875,September,9
2015-09-12,2937,1148,8.53,2,462.0,315,8,13,1481,0,0,0,0,530.029.463,Saturday,5.0,0,0.0,0.0,636.666.666.667,92.270.531.401,September,9
2015-09-13,2977,9199,6.84,5,600.0,361,15,8,1564,153,8,9,163,425.017.764,Sunday,6.0,0,2.55,938.650.306.748,0.0,0.0,September,9
2015-09-14,2947,9564,7.11,16,1.118,168,43,46,1355,393,61,33,468,441.794.781,Monday,0.0,1,6.55,839.743.589.744,2.55,938.650.306.748,September,9
2015-09-15,2821,9019,6.7,13,755.0,144,72,25,1247,226,12,8,249,41.631.857,Tuesday,1.0,1,376.666.666.667,907.630.522.088,6.55,839.743.589.744,September,9
2015-09-16,3041,10239,7.61,13,675.0,192,35,46,1464,249,31,15,287,472.863.331,Wednesday,2.0,1,4.15,867.595.818.815,376.666.666.667,907.630.522.088,September,9
2015-09-17,2796,7739,5.75,14,741.0,211,17,10,114,525,72,45,603,357.288.325,Thursday,3.0,1,8.75,870.646.766.169,4.15,867.595.818.815,September,9
2015-09-18,2978,1262,9.38,9,773.0,170,59,39,1419,414,61,34,480,582.845.998,Friday,4.0,1,6.9,86.25,8.75,870.646.766.169,September,9
2015-09-19,316,14226,10.57,11,669.0,291,35,41,1736,0,0,0,0,656.789.147,Saturday,5.0,0,0.0,0.0,6.9,86.25,September,9
2015-09-20,2325,3858,2.87,1,1.255,185,0,0,7000,426,17,11,444,178.333.477,Sunday,6.0,0,7.1,959.459.459.459,0.0,0.0,September,9
2015-09-21,3458,17603,13.08,35,1.053,223,56,67,1912,423,40,27,478,812.753.268,Monday,0.0,1,07.05,884.937.238.494,7.1,959.459.459.459,September,9
2015-09-22,2988,10699,7.95,17,655.0,252,32,21,1471,407,41,29,457,493.989.945,Tuesday,1.0,1,678.333.333.333,890.590.809.628,07.05,884.937.238.494,September,9
2015-09-23,2561,7261,5.39,17,908.0,135,14,18,8690,393,58,30,452,334.918.969,Wednesday,2.0,1,6.55,869.469.026.549,678.333.333.333,890.590.809.628,September,9
2015-09-24,3159,10608,7.88,17,1.107,177,63,52,16,396,35,24,433,489.640.348,Thursday,3.0,1,6.6,91.454.965.358,6.55,869.469.026.549,September,9
2015-09-25,3193,12271,9.12,7,548.0,323,34,24,1799,0,0,0,0,566.690.352,Friday,4.0,1,0.0,0.0,6.6,91.454.965.358,September,9
2015-09-26,2934,9998,7.45,2,782.0,327,0,0,1431,0,0,0,0,462.921.395,Saturday,5.0,0,0.0,0.0,0.0,0.0,September,9
2015-09-27,2589,5757,4.28,1,800.0,270,0,0,1033,395,35,17,430,265.946.788,Sunday,6.0,0,658.333.333.333,918.604.651.163,0.0,0.0,September,9
2015-09-28,2874,8995,6.68,13,826.0,171,45,33,129,420,36,17,456,415.075.828,Monday,0.0,1,7.0,921.052.631.579,658.333.333.333,918.604.651.163,September,9
2015-09-29,2757,7553,5.61,13,789.0,163,54,15,1146,0,0,0,0,348.589.131,Tuesday,1.0,1,0.0,0.0,7.0,921.052.631.579,September,9
2015-09-30,2714,6494,4.83,11,711.0,208,26,5,1092,434,35,16,469,300.122.193,Wednesday,2.0,1,723.333.333.333,925.373.134.328,0.0,0.0,September,9
2015-10-01,2712,7951,5.91,11,667.0,191,40,9,1126,359,54,30,414,367.230.261,Thursday,3.0,1,598.333.333.333,867.149.758.454,723.333.333.333,925.373.134.328,October,10
2015-10-02,2809,7424,5.52,8,801.0,179,43,25,1206,265,20,10,285,342.996.792,Friday,4.0,1,441.666.666.667,929.824.561.404,598.333.333.333,867.149.758.454,October,10
2015-10-03,2322,6813,05.06,0,1.315,75,41,9,6670,411,38,23,450,314.413.726,Saturday,5.0,0,6.85,913.333.333.333,441.666.666.667,929.824.561.404,October,10
2015-10-04,2319,3991,2.97,1,1.136,163,0,0,6450,309,39,26,348,184.547.187,Sunday,6.0,0,5.15,887.931.034.483,6.85,913.333.333.333,October,10
2015-10-05,2859,9725,7.23,6,988.0,268,24,14,1378,477,27,16,504,449.251.233,Monday,0.0,1,7.95,946.428.571.429,5.15,887.931.034.483,October,10
2015-10-06,2978,8936,6.64,16,780.0,205,46,27,1383,403,45,27,448,412.590.344,Tuesday,1.0,1,671.666.666.667,899.553.571.429,7.95,946.428.571.429,October,10
2015-10-07,2678,6565,4.88,10,841.0,157,27,20,1009,431,39,28,470,303.229.048,Wednesday,2.0,1,718.333.333.333,917.021.276.596,671.666.666.667,899.553.571.429,October,10
2015-10-08,2767,7865,5.84,15,1.118,204,32,13,1178,0,0,0,0,362.880.664,Thursday,3.0,1,0.0,0.0,718.333.333.333,917.021.276.596,October,10
2015-10-09,2549,8718,6.48,10,976.0,65,0,0,2580,108,7,5,115,402.648.408,Friday,4.0,1,1.8,939.130.434.783,0.0,0.0,October,10
2015-10-10,2918,12364,9.22,0,1.046,234,29,32,1423,78,3,2,81,572.904.062,Saturday,5.0,0,1.3,962.962.962.963,1.8,939.130.434.783,October,10
2015-10-11,2509,5216,3.88,1,1.243,175,17,5,8780,397,66,35,463,241.091.948,Sunday,6.0,0,661.666.666.667,857.451.403.888,1.3,962.962.962.963,October,10
2015-10-12,2687,658,4.89,10,1.246,104,57,33,1059,387,17,8,404,303.850.419,Monday,0.0,1,6.45,957.920.792.079,661.666.666.667,857.451.403.888,October,10
2015-10-13,2698,7015,5.21,10,1.244,130,37,29,1036,0,0,0,0,323.734.291,Tuesday,1.0,1,0.0,0.0,6.45,957.920.792.079,October,10
2015-10-14,2621,8103,06.02,5,1.219,215,4,2,1017,407,65,33,472,374.065.342,Wednesday,2.0,1,678.333.333.333,862.288.135.593,0.0,0.0,October,10
2015-10-15,2698,6962,5.17,11,1.234,115,57,28,1075,92,7,6,99,321.248.807,Thursday,3.0,1,153.333.333.333,929.292.929.293,678.333.333.333,862.288.135.593,October,10
2015-10-16,3295,16478,12.3,12,643.0,304,8,43,1833,0,0,0,0,76.428.633,Friday,4.0,1,0.0,0.0,153.333.333.333,929.292.929.293,October,10
2015-10-17,2871,11603,8.62,3,732.0,236,38,22,1384,0,0,0,0,535.621.802,Saturday,5.0,0,0.0,0.0,0.0,0.0,October,10
2015-10-18,2899,11429,8.49,0,962.0,269,8,17,139,0,0,0,0,527.543.979,Sunday,6.0,0,0.0,0.0,0.0,0.0,October,10
2015-10-19,2581,6293,4.68,1,854.0,226,0,0,9560,0,0,0,0,290.801.628,Monday,0.0,1,0.0,0.0,0.0,0.0,October,10
2015-10-20,2672,7269,5.4,14,1.29,105,22,23,7910,0,0,0,0,33.554.034,Tuesday,1.0,1,0.0,0.0,0.0,0.0,October,10
2015-10-21,2406,4471,3.32,2,1.134,165,0,0,6860,326,29,16,355,206.295.172,Wednesday,2.0,1,543.333.333.333,918.309.859.155,0.0,0.0,October,10
2015-10-22,341,17913,13.31,7,1.053,210,39,75,1851,444,57,33,505,827.044.801,Thursday,3.0,1,7.4,879.207.920.792,543.333.333.333,918.309.859.155,October,10
2015-10-23,2511,5431,04.04,1,678.0,166,9,13,8080,142,9,6,151,251.033.884,Friday,4.0,1,236.666.666.667,940.397.350.993,7.4,879.207.920.792,October,10
2015-10-24,2907,11672,8.67,0,663.0,222,48,29,1401,347,45,29,393,538.728.657,Saturday,5.0,0,578.333.333.333,882.951.653.944,236.666.666.667,940.397.350.993,October,10
2015-10-25,3435,14777,10.98,0,597.0,302,57,39,1943,0,0,0,0,682.265.358,Sunday,6.0,0,0.0,0.0,578.333.333.333,882.951.653.944,October,10
2015-10-26,2931,9171,6.81,9,767.0,273,30,7,1414,0,0,0,0,423.153.651,Monday,0.0,1,0.0,0.0,0.0,0.0,October,10
2015-10-27,2867,8807,6.54,11,810.0,224,29,12,1275,136,21,10,157,406.376.634,Tuesday,1.0,1,226.666.666.667,866.242.038.217,0.0,0.0,October,10
2015-10-28,247,5623,4.18,2,779.0,170,19,3,8170,209,14,6,223,259.733.078,Wednesday,2.0,1,348.333.333.333,937.219.730.942,226.666.666.667,866.242.038.217,October,10
2015-10-29,3109,1291,9.59,20,1.091,258,24,20,1519,365,19,14,384,595.894.789,Thursday,3.0,1,608.333.333.333,950.520.833.333,348.333.333.333,937.219.730.942,October,10
2015-10-30,2942,8805,6.54,12,821.0,170,51,29,1264,151,16,10,167,406.376.634,Friday,4.0,1,251.666.666.667,904.191.616.766,608.333.333.333,950.520.833.333,October,10
2015-10-31,2736,7107,5.28,0,510.0,277,0,0,1162,226,24,15,250,328.083.888,Saturday,5.0,0,376.666.666.667,90.4,251.666.666.667,904.191.616.766,October,10
2015-11-01,2395,3862,2.87,0,889.0,166,0,0,6610,405,44,23,449,178.333.477,Sunday,6.0,0,6.75,902.004.454.343,376.666.666.667,90.4,November,11
2015-11-02,259,7368,5.47,13,1.279,126,22,13,7770,276,28,14,304,339.889.937,Monday,0.0,1,4.6,907.894.736.842,6.75,902.004.454.343,November,11
2015-11-03,2403,6269,4.66,9,1.43,10,0,0,370,0,0,0,0,289.558.886,Tuesday,1.0,1,0.0,0.0,4.6,907.894.736.842,November,11
2015-11-04,2917,852,6.33,14,662.0,191,43,24,1294,155,8,5,163,393.327.843,Wednesday,2.0,1,258.333.333.333,950.920.245.399,0.0,0.0,November,11
2015-11-05,2851,8116,06.03,13,827.0,228,37,8,1258,383,41,23,424,374.686.713,Thursday,3.0,1,638.333.333.333,903.301.886.792,258.333.333.333,950.920.245.399,November,11
2015-11-06,282,8268,6.14,14,776.0,145,75,22,1218,319,15,7,334,381.521.794,Friday,4.0,1,531.666.666.667,955.089.820.359,638.333.333.333,903.301.886.792,November,11
2015-11-07,369,14489,10.77,0,525.0,280,52,68,2285,0,0,0,0,669.216.567,Saturday,5.0,0,0.0,0.0,531.666.666.667,955.089.820.359,November,11
2015-11-08,3067,9212,6.84,2,508.0,198,27,53,151,0,0,0,0,425.017.764,Sunday,6.0,0,0.0,0.0,0.0,0.0,November,11
2015-11-09,2828,95,07.06,0,756.0,218,28,13,1225,345,41,21,386,438.687.926,Monday,0.0,1,5.75,89.378.238.342,0.0,0.0,November,11
2015-11-10,3336,11151,8.29,1,705.0,198,40,79,1799,383,47,28,431,515.116.559,Tuesday,1.0,1,638.333.333.333,888.631.090.487,5.75,89.378.238.342,November,11
2015-11-11,2867,12351,9.18,1,981.0,181,66,24,1353,391,23,11,414,570.418.578,Wednesday,2.0,1,651.666.666.667,944.444.444.444,638.333.333.333,888.631.090.487,November,11
2015-11-12,2847,1067,7.93,1,684.0,162,17,61,1228,231,26,15,257,492.747.203,Thursday,3.0,1,3.85,898.832.684.825,651.666.666.667,944.444.444.444,November,11
2015-11-13,246,5574,4.14,1,1.209,156,8,16,7780,526,30,17,556,257.247.594,Friday,4.0,1,876.666.666.667,946.043.165.468,3.85,898.832.684.825,November,11
2015-11-14,3445,11587,8.61,4,608.0,159,41,103,1953,369,62,37,440,535.000.431,Saturday,5.0,0,6.15,838.636.363.636,876.666.666.667,946.043.165.468,November,11
2015-11-15,2853,9499,07.06,2,738.0,167,28,44,1219,291,46,26,337,438.687.926,Sunday,6.0,0,4.85,86.350.148.368,6.15,838.636.363.636,November,11
2015-11-16,359,13788,10.53,18,978.0,282,31,61,199,143,8,5,151,654.303.663,Monday,0.0,1,238.333.333.333,94.701.986.755,4.85,86.350.148.368,November,11
2015-11-17,3792,18361,13.72,33,543.0,366,73,42,2462,503,50,31,553,852.521.012,Tuesday,1.0,1,838.333.333.333,909.584.086.799,238.333.333.333,94.701.986.755,November,11
2015-11-18,3222,14055,10.44,10,673.0,268,53,27,1771,0,0,0,0,648.711.324,Wednesday,2.0,1,0.0,0.0,838.333.333.333,909.584.086.799,November,11
2015-11-19,3092,11927,8.86,9,726.0,305,21,37,165,524,32,14,556,550.534.706,Thursday,3.0,1,873.333.333.333,942.446.043.165,0.0,0.0,November,11
2015-11-20,3395,15221,11.31,6,464.0,316,40,58,2004,269,36,21,307,702.770.601,Friday,4.0,1,448.333.333.333,876.221.498.371,873.333.333.333,942.446.043.165,November,11
2015-11-21,2802,8568,6.42,1,1.174,249,3,14,1209,0,0,0,0,398.920.182,Saturday,5.0,0,0.0,0.0,448.333.333.333,876.221.498.371,November,11
2015-11-22,2177,3284,2.44,0,1.269,98,3,8,4770,378,32,23,410,151.614.524,Sunday,6.0,0,6.3,921.951.219.512,0.0,0.0,November,11
2015-11-23,3035,9408,6.99,1,682.0,295,31,14,1552,424,31,24,462,434.338.329,Monday,0.0,1,706.666.666.667,917.748.917.749,6.3,921.951.219.512,November,11
2015-11-24,2843,10261,7.62,1,1.182,210,2,46,1262,353,33,26,386,473.484.702,Tuesday,1.0,1,588.333.333.333,914.507.772.021,706.666.666.667,917.748.917.749,November,11
2015-11-25,2829,8218,6.11,22,1.142,155,50,22,1177,444,46,25,490,379.657.681,Wednesday,2.0,1,7.4,90.612.244.898,588.333.333.333,914.507.772.021,November,11
2015-11-26,3076,976,7.25,13,1.13,214,61,30,1502,0,0,0,0,450.493.975,Thursday,3.0,1,0.0,0.0,7.4,90.612.244.898,November,11
2015-11-27,3242,10769,8.0,17,725.0,222,60,42,1711,0,0,0,0,4.970.968,Friday,4.0,1,0.0,0.0,0.0,0.0,November,11
2015-11-28,3254,11671,8.7,5,643.0,375,7,15,1776,244,32,16,276,54.059.277,Saturday,5.0,0,406.666.666.667,884.057.971.014,0.0,0.0,November,11
2015-11-29,3247,14444,10.73,14,618.0,258,39,51,1821,0,0,0,0,666.731.083,Sunday,6.0,0,0.0,0.0,406.666.666.667,884.057.971.014,November,11
2015-11-30,4012,23313,17.32,16,550.0,389,67,75,2743,69,2,1,71,1.076.214.572,Monday,0.0,1,1.15,971.830.985.915,0.0,0.0,November,11
2015-12-01,3232,1681,12.49,14,750.0,152,9,97,1618,0,0,0,0,776.092.379,Tuesday,1.0,1,0.0,0.0,1.15,971.830.985.915,December,12
2015-12-02,3125,10745,08.01,10,634.0,174,48,62,1559,325,22,17,348,497.718.171,Wednesday,2.0,1,541.666.666.667,933.908.045.977,0.0,0.0,December,12
2015-12-03,3165,10784,08.04,14,774.0,201,25,68,16,404,43,32,448,499.582.284,Thursday,3.0,1,673.333.333.333,901.785.714.286,541.666.666.667,933.908.045.977,December,12
2015-12-04,2835,1074,08.08,11,1.1,146,39,52,1271,328,33,22,362,502.067.768,Friday,4.0,1,546.666.666.667,906.077.348.066,673.333.333.333,901.785.714.286,December,12
2015-12-05,2872,8531,6.36,0,723.0,325,0,0,1354,352,37,24,397,395.191.956,Saturday,5.0,0,586.666.666.667,886.649.874.055,546.666.666.667,906.077.348.066,December,12
2015-12-06,3072,12738,9.46,10,811.0,244,45,35,1579,275,31,14,306,587.816.966,Sunday,6.0,0,458.333.333.333,898.692.810.458,586.666.666.667,886.649.874.055,December,12
2015-12-07,3107,1352,10.07,13,672.0,261,13,50,1603,398,44,33,442,625.720.597,Monday,0.0,1,663.333.333.333,900.452.488.688,458.333.333.333,898.692.810.458,December,12
2015-12-08,3801,15884,11.83,2,962.0,248,25,123,2393,271,37,21,308,735.081.893,Tuesday,1.0,1,451.666.666.667,87.987.012.987,663.333.333.333,900.452.488.688,December,12
2015-12-09,3062,10026,7.45,17,803.0,204,29,38,1449,0,0,0,0,462.921.395,Wednesday,2.0,1,0.0,0.0,451.666.666.667,87.987.012.987,December,12
2015-12-10,3044,11868,8.84,17,1.19,170,26,54,1411,268,8,4,276,549.291.964,Thursday,3.0,1,446.666.666.667,971.014.492.754,0.0,0.0,December,12
2015-12-11,3082,12381,9.22,17,1.096,212,30,52,1503,196,19,7,215,572.904.062,Friday,4.0,1,326.666.666.667,911.627.906.977,446.666.666.667,971.014.492.754,December,12
2015-12-12,2766,7157,5.32,11,605.0,290,0,0,1216,232,11,6,243,330.569.372,Saturday,5.0,0,386.666.666.667,954.732.510.288,326.666.666.667,911.627.906.977,December,12
2015-12-13,2787,7055,5.24,2,690.0,248,19,6,1182,0,0,0,0,325.598.404,Sunday,6.0,0,0.0,0.0,386.666.666.667,954.732.510.288,December,12
2015-12-14,2831,9348,6.99,18,827.0,179,22,42,1229,318,38,31,369,434.338.329,Monday,0.0,1,5.3,861.788.617.886,0.0,0.0,December,12
2015-12-15,2711,8566,6.39,15,898.0,137,28,33,1038,0,0,0,0,397.056.069,Tuesday,1.0,1,0.0,0.0,5.3,861.788.617.886,December,12
2015-12-16,2714,9786,7.27,20,1.118,159,29,28,111,0,0,0,0,451.736.717,Wednesday,2.0,1,0.0,0.0,0.0,0.0,December,12
2015-12-17,2709,8371,6.22,18,1.069,146,31,24,105,464,58,35,522,386.492.762,Thursday,3.0,1,773.333.333.333,888.888.888.889,0.0,0.0,December,12
2015-12-18,2917,9428,07.01,10,1.141,220,43,21,1331,279,21,20,303,435.581.071,Friday,4.0,1,4.65,920.792.079.208,773.333.333.333,888.888.888.889,December,12
2015-12-19,311,13742,10.21,6,579.0,357,15,22,1734,321,39,21,361,634.419.791,Saturday,5.0,0,5.35,8.891.966.759,4.65,920.792.079.208,December,12
2015-12-20,3391,15636,11.73,2,550.0,316,56,23,1973,242,12,6,254,728.868.183,Sunday,6.0,0,403.333.333.333,952.755.905.512,5.35,8.891.966.759,December,12
2015-12-21,3145,12778,9.49,15,664.0,313,42,6,1678,102,4,2,106,589.681.079,Monday,0.0,1,1.7,962.264.150.943,403.333.333.333,952.755.905.512,December,12
2015-12-22,2636,7378,5.48,12,838.0,176,33,12,1044,161,9,4,170,340.511.308,Tuesday,1.0,1,268.333.333.333,947.058.823.529,1.7,962.264.150.943,December,12
2015-12-23,1789,0,0.0,0,1.44,0,0,0,0,0,0,0,0,0.0,Wednesday,2.0,1,0.0,0.0,268.333.333.333,947.058.823.529,December,12
2015-12-24,2573,6452,4.79,0,1.217,223,0,0,9620,440,42,22,482,297.636.709,Thursday,3.0,1,733.333.333.333,912.863.070.539,0.0,0.0,December,12
2015-12-25,2808,7837,5.82,0,663.0,332,0,0,1311,339,48,28,387,361.637.922,Friday,4.0,1,5.65,875.968.992.248,733.333.333.333,912.863.070.539,December,12
2015-12-26,2626,6504,4.83,0,588.0,282,0,0,1089,388,16,10,404,300.122.193,Saturday,5.0,0,646.666.666.667,960.396.039.604,5.65,875.968.992.248,December,12
2015-12-27,2604,6444,4.84,1,746.0,252,0,0,103,419,19,11,438,300.743.564,Sunday,6.0,0,698.333.333.333,956.621.004.566,646.666.666.667,960.396.039.604,December,12
2015-12-28,2845,7845,5.83,2,686.0,337,0,0,1359,0,0,0,0,362.259.293,Monday,0.0,1,0.0,0.0,698.333.333.333,956.621.004.566,December,12
2015-12-29,3135,1226,9.11,11,636.0,375,3,26,1718,0,0,0,0,566.068.981,Tuesday,1.0,1,0.0,0.0,0.0,0.0,December,12
2015-12-30,305,12154,09.05,9,617.0,276,6,45,1567,308,49,27,357,562.340.755,Wednesday,2.0,1,513.333.333.333,862.745.098.039,0.0,0.0,December,12
2015-12-31,2856,7801,5.8,0,577.0,362,0,0,1394,488,46,27,534,36.039.518,Thursday,3.0,1,813.333.333.333,913.857.677.903,513.333.333.333,862.745.098.039,December,12
2016-01-01,2992,1046,7.92,0,685.0,375,0,0,1558,326,39,24,365,492.125.832,Friday,4.0,1,543.333.333.333,893.150.684.932,813.333.333.333,913.857.677.903,January,1
2016-01-02,3265,13837,10.33,7,601.0,339,15,36,1841,207,31,18,238,641.876.243,Saturday,5.0,0,3.45,86.974.789.916,543.333.333.333,893.150.684.932,January,1
2016-01-03,309,12517,9.3,11,1.034,272,9,49,1566,242,10,6,252,57.787.503,Sunday,6.0,0,403.333.333.333,960.317.460.317,3.45,86.974.789.916,January,1
2016-01-04,3116,10366,7.7,16,650.0,235,53,30,159,448,58,33,506,47.845.567,Monday,0.0,1,746.666.666.667,885.375.494.071,403.333.333.333,960.317.460.317,January,1
2016-01-05,3241,12127,9.13,16,682.0,284,47,28,176,541,31,13,572,567.311.723,Tuesday,1.0,1,901.666.666.667,945.804.195.804,746.666.666.667,885.375.494.071,January,1
2016-01-06,2992,11327,8.42,14,613.0,314,5,32,153,278,15,14,295,523.194.382,Wednesday,2.0,1,463.333.333.333,942.372.881.356,901.666.666.667,945.804.195.804,January,1
2016-01-07,3146,11098,8.25,15,720.0,247,53,30,163,316,39,19,355,512.631.075,Thursday,3.0,1,526.666.666.667,89.014.084.507,463.333.333.333,942.372.881.356,January,1
2016-01-08,3174,12395,9.23,2,567.0,405,7,8,1812,0,0,0,0,573.525.433,Friday,4.0,1,0.0,0.0,526.666.666.667,89.014.084.507,January,1
2016-01-09,2615,6643,4.94,0,676.0,283,0,0,1093,380,52,31,432,306.957.274,Saturday,5.0,0,633.333.333.333,87.962.962.963,0.0,0.0,January,1
2016-01-10,2711,8846,6.57,9,1.167,183,36,29,1197,297,31,19,328,408.240.747,Sunday,6.0,0,4.95,905.487.804.878,633.333.333.333,87.962.962.963,January,1
2016-01-11,3013,9642,7.16,15,758.0,247,44,24,1472,354,43,22,397,444.901.636,Monday,0.0,1,5.9,891.687.657.431,4.95,905.487.804.878,January,1
2016-01-12,2993,9982,7.42,8,839.0,222,30,26,1387,336,16,8,352,461.057.282,Tuesday,1.0,1,5.6,954.545.454.545,5.9,891.687.657.431,January,1
2016-01-13,2627,6613,4.91,11,857.0,205,13,3,102,306,17,10,323,305.093.161,Wednesday,2.0,1,5.1,947.368.421.053,5.6,954.545.454.545,January,1
2016-01-14,3128,12161,9.21,11,719.0,198,34,60,156,396,29,10,425,572.282.691,Thursday,3.0,1,6.6,931.764.705.882,5.1,947.368.421.053,January,1
2016-01-15,3361,14837,11.37,11,687.0,210,58,71,1917,0,0,0,0,706.498.827,Friday,4.0,1,0.0,0.0,6.6,931.764.705.882,January,1
2016-01-16,3379,16759,12.59,7,589.0,333,23,59,1977,327,18,11,345,782.306.089,Saturday,5.0,0,5.45,947.826.086.957,0.0,0.0,January,1
2016-01-17,2878,9602,7.26,0,547.0,279,4,15,1314,254,36,18,290,451.115.346,Sunday,6.0,0,423.333.333.333,875.862.068.966,5.45,947.826.086.957,January,1
2016-01-18,2144,3761,2.79,7,998.0,99,5,3,4670,423,13,7,436,173.362.509,Monday,0.0,1,07.05,970.183.486.239,423.333.333.333,875.862.068.966,January,1
2016-01-19,2543,7456,5.6,6,1.215,103,22,35,8810,345,29,19,374,34.796.776,Tuesday,1.0,1,5.75,922.459.893.048,07.05,970.183.486.239,January,1
2016-01-20,3472,16755,12.78,10,551.0,331,24,51,2073,391,39,22,430,794.112.138,Wednesday,2.0,1,651.666.666.667,909.302.325.581,5.75,922.459.893.048,January,1
2016-01-21,3218,11937,8.96,12,699.0,254,57,32,1729,400,41,27,441,556.748.416,Thursday,3.0,1,666.666.666.667,907.029.478.458,651.666.666.667,909.302.325.581,January,1
2016-01-22,3426,14577,10.96,5,519.0,391,34,22,211,434,31,26,466,681.022.616,Friday,4.0,1,723.333.333.333,931.330.472.103,666.666.666.667,907.029.478.458,January,1
2016-01-23,3615,17541,13.12,9,570.0,358,50,45,2286,325,11,5,336,815.238.752,Saturday,5.0,0,541.666.666.667,967.261.904.762,723.333.333.333,931.330.472.103,January,1
2016-01-24,1801,39,0.03,0,1.076,5,0,0,160,0,0,0,0,1.864.113,Sunday,6.0,0,0.0,0.0,541.666.666.667,967.261.904.762,January,1
2016-01-25,242,661,4.91,10,1.27,93,24,26,7560,468,37,24,507,305.093.161,Monday,0.0,1,7.8,923.076.923.077,0.0,0.0,January,1
2016-01-26,3066,13073,9.71,18,790.0,166,52,61,1521,336,55,30,391,603.351.241,Tuesday,1.0,1,5.6,859.335.038.363,7.8,923.076.923.077,January,1
2016-01-27,2886,9997,7.46,9,759.0,164,52,28,1291,458,63,36,521,463.542.766,Wednesday,2.0,1,763.333.333.333,879.078.694.818,5.6,859.335.038.363,January,1
2016-01-28,3092,10707,7.96,10,753.0,262,57,18,1592,339,47,28,386,494.611.316,Thursday,3.0,1,5.65,878.238.341.969,763.333.333.333,879.078.694.818,January,1
2016-01-29,2931,9952,7.39,17,760.0,233,30,26,14,342,48,31,390,459.193.169,Friday,4.0,1,5.7,876.923.076.923,5.65,878.238.341.969,January,1
2016-01-30,3034,9774,7.26,0,519.0,357,16,2,1641,0,0,0,0,451.115.346,Saturday,5.0,0,0.0,0.0,5.7,876.923.076.923,January,1
2016-01-31,2787,626,4.65,0,671.0,298,0,0,1277,357,35,22,392,288.937.515,Sunday,6.0,0,5.95,910.714.285.714,0.0,0.0,January,1
2016-02-01,2986,11426,8.52,12,911.0,192,48,43,1478,328,37,21,365,529.408.092,Monday,0.0,1,546.666.666.667,898.630.136.986,5.95,910.714.285.714,February,2
2016-02-02,2974,10466,7.78,13,802.0,152,48,48,1333,385,41,27,427,483.426.638,Tuesday,1.0,1,641.666.666.667,901.639.344.262,546.666.666.667,898.630.136.986,February,2
2016-02-03,3199,12866,9.63,11,767.0,271,45,28,1703,248,32,20,280,598.380.273,Wednesday,2.0,1,413.333.333.333,885.714.285.714,641.666.666.667,901.639.344.262,February,2
2016-02-04,2037,2449,1.87,0,821.0,80,0,0,3370,410,26,14,436,116.196.377,Thursday,3.0,1,683.333.333.333,940.366.972.477,413.333.333.333,885.714.285.714,February,2
2016-02-05,311,10434,7.75,13,718.0,243,42,29,1544,424,48,28,473,481.562.525,Friday,4.0,1,706.666.666.667,896.405.919.662,683.333.333.333,940.366.972.477,February,2
2016-02-05,311,10434,7.75,13,718.0,243,42,29,1544,401,18,14,420,481.562.525,Friday,4.0,1,668.333.333.333,954.761.904.762,706.666.666.667,896.405.919.662,February,2
2016-02-06,3177,12578,9.4,0,563.0,388,10,11,1784,350,29,19,380,58.408.874,Saturday,5.0,0,583.333.333.333,921.052.631.579,668.333.333.333,954.761.904.762,February,2
2016-02-07,3182,15373,11.7,12,599.0,273,10,62,1729,316,15,7,331,72.700.407,Sunday,6.0,0,526.666.666.667,954.682.779.456,583.333.333.333,921.052.631.579,February,2
2016-02-08,3206,12327,9.24,8,699.0,278,28,30,168,376,50,30,426,574.146.804,Monday,0.0,1,626.666.666.667,882.629.107.981,526.666.666.667,954.682.779.456,February,2
2016-02-09,2872,10457,7.82,14,847.0,181,15,41,1252,342,41,21,383,485.912.122,Tuesday,1.0,1,5.7,892.950.391.645,626.666.666.667,882.629.107.981,February,2
2016-02-10,2662,99,7.43,21,1.237,156,6,41,1098,0,0,0,0,461.678.653,Wednesday,2.0,1,0.0,0.0,5.7,892.950.391.645,February,2
2016-02-11,2899,8966,6.66,14,802.0,235,21,20,1299,333,22,15,355,413.833.086,Thursday,3.0,1,5.55,938.028.169.014,0.0,0.0,February,2
2016-02-12,2816,8353,6.21,19,732.0,219,17,26,1187,322,26,14,348,385.871.391,Friday,4.0,1,536.666.666.667,925.287.356.322,5.55,938.028.169.014,February,2
2016-02-13,3235,13907,10.36,0,551.0,357,15,15,1813,448,55,29,503,643.740.356,Saturday,5.0,0,746.666.666.667,890.656.063.618,536.666.666.667,925.287.356.322,February,2
2016-02-14,3289,14183,10.54,13,617.0,374,45,12,1941,264,28,20,293,654.925.034,Sunday,6.0,0,4.4,901.023.890.785,746.666.666.667,890.656.063.618,February,2
2016-02-15,2751,8453,6.28,11,1.304,124,8,4,5890,0,0,0,0,390.220.988,Monday,0.0,1,0.0,0.0,4.4,901.023.890.785,February,2
2016-02-16,2927,7995,5.98,15,802.0,231,34,16,1347,305,27,16,334,371.579.858,Tuesday,1.0,1,508.333.333.333,913.173.652.695,0.0,0.0,February,2
2016-02-17,2783,6707,4.98,10,913.0,174,36,19,1131,309,12,7,321,309.442.758,Wednesday,2.0,1,5.15,96.261.682.243,508.333.333.333,913.173.652.695,February,2
2016-02-18,2804,8109,6.1,13,1.212,143,42,33,1146,0,0,0,0,37.903.631,Thursday,3.0,1,0.0,0.0,5.15,96.261.682.243,February,2
2016-02-19,2815,11971,9.23,11,865.0,179,3,51,1234,317,17,9,334,573.525.433,Friday,4.0,1,528.333.333.333,949.101.796.407,0.0,0.0,February,2
2016-02-20,296,11371,8.45,0,457.0,327,14,19,1533,383,35,31,419,525.058.495,Saturday,5.0,0,638.333.333.333,914.081.145.585,528.333.333.333,949.101.796.407,February,2
2016-02-21,2038,219,1.63,0,954.0,93,0,0,3510,347,45,32,393,101.283.473,Sunday,6.0,0,578.333.333.333,882.951.653.944,638.333.333.333,914.081.145.585,February,2
2016-02-22,2594,6592,4.93,10,1.234,155,23,14,9580,0,0,0,0,306.335.903,Monday,0.0,1,0.0,0.0,578.333.333.333,882.951.653.944,February,2
2016-02-23,2841,8624,6.41,10,739.0,193,36,25,122,243,23,9,266,398.298.811,Tuesday,1.0,1,04.05,913.533.834.586,0.0,0.0,February,2
2016-02-24,2933,8307,6.17,12,762.0,195,25,37,1305,437,22,9,459,383.385.907,Wednesday,2.0,1,728.333.333.333,952.069.716.776,04.05,913.533.834.586,February,2
2016-02-25,2816,7941,5.9,9,878.0,142,47,32,1184,382,35,21,417,36.660.889,Thursday,3.0,1,636.666.666.667,916.067.146.283,728.333.333.333,952.069.716.776,February,2
2016-02-26,2764,805,5.98,9,1.203,177,40,20,115,0,0,0,0,371.579.858,Friday,4.0,1,0.0,0.0,636.666.666.667,916.067.146.283,February,2
2016-02-27,3029,9923,7.37,5,1.124,184,25,44,1306,0,0,0,0,457.950.427,Saturday,5.0,0,0.0,0.0,0.0,0.0,February,2
2016-02-28,2844,9504,7.15,2,687.0,283,10,1,1322,262,33,16,295,444.280.265,Sunday,6.0,0,436.666.666.667,88.813.559.322,0.0,0.0,February,2
2016-02-29,2612,6847,05.09,10,731.0,206,20,1,1023,166,14,7,180,316.277.839,Monday,0.0,1,276.666.666.667,922.222.222.222,436.666.666.667,88.813.559.322,February,2
2016-03-01,3117,11618,8.66,12,776.0,217,59,29,1584,420,31,26,451,538.107.286,Tuesday,1.0,1,7.0,931.263.858.093,276.666.666.667,922.222.222.222,March,3
2016-03-02,2897,1045,7.76,19,765.0,199,35,26,1292,327,34,22,361,482.183.896,Wednesday,2.0,1,5.45,905.817.174.515,7.0,931.263.858.093,March,3
2016-03-03,2864,11478,8.69,17,749.0,167,5,45,1219,420,45,28,465,539.971.399,Thursday,3.0,1,7.0,903.225.806.452,5.45,905.817.174.515,March,3
2016-03-04,2996,1065,7.97,13,754.0,227,31,30,142,157,10,5,167,495.232.687,Friday,4.0,1,261.666.666.667,940.119.760.479,7.0,903.225.806.452,March,3
2016-03-05,2228,3103,2.31,1,1.042,155,0,0,5720,302,23,15,325,143.536.701,Saturday,5.0,0,503.333.333.333,929.230.769.231,261.666.666.667,940.119.760.479,March,3
2016-03-06,266,696,5.2,0,1.105,280,0,0,1103,0,0,0,0,32.311.292,Sunday,6.0,0,0.0,0.0,503.333.333.333,929.230.769.231,March,3
2016-03-07,322,16699,13.4,11,791.0,158,9,97,1664,348,39,23,387,83.263.714,Monday,0.0,1,5.8,899.224.806.202,0.0,0.0,March,3
2016-03-08,3083,14068,11.26,14,824.0,167,8,65,1469,267,31,18,299,699.663.746,Tuesday,1.0,1,4.45,892.976.588.629,5.8,899.224.806.202,March,3
2016-03-09,3339,18092,14.05,19,1.12,243,8,69,1833,0,0,0,0,873.026.255,Wednesday,2.0,1,0.0,0.0,4.45,892.976.588.629,March,3
2016-03-10,3307,1853,14.71,20,793.0,162,21,100,1766,334,29,18,364,914.036.741,Thursday,3.0,1,556.666.666.667,917.582.417.582,0.0,0.0,March,3
2016-03-11,3135,14587,10.86,2,1.013,313,14,38,1726,0,0,0,0,674.808.906,Friday,4.0,1,0.0,0.0,556.666.666.667,917.582.417.582,March,3
2016-03-12,284,9992,7.45,4,685.0,339,0,13,1438,275,13,10,288,462.921.395,Saturday,5.0,0,458.333.333.333,954.861.111.111,0.0,0.0,March,3
2016-03-13,179,0,0.0,0,1.44,0,0,0,0,0,0,0,0,0.0,Sunday,6.0,0,0.0,0.0,458.333.333.333,954.861.111.111,March,3
2016-03-14,2538,9336,7.4,11,1.288,73,4,50,8500,0,0,0,0,45.981.454,Monday,0.0,1,0.0,0.0,0.0,0.0,March,3
2016-03-15,3133,15596,12.61,13,782.0,187,3,77,1557,356,14,5,370,783.548.831,Tuesday,1.0,1,593.333.333.333,962.162.162.162,0.0,0.0,March,3
2016-03-16,396,25385,20.45,17,638.0,254,17,124,2556,368,46,22,414,1.270.703.695,Wednesday,2.0,1,613.333.333.333,888.888.888.889,593.333.333.333,962.162.162.162,March,3
2016-03-17,315,14577,11.46,17,823.0,162,10,81,1553,388,14,10,402,712.091.166,Thursday,3.0,1,646.666.666.667,965.174.129.353,613.333.333.333,888.888.888.889,March,3
2016-03-18,3214,16667,13.08,12,832.0,173,9,90,1647,223,33,17,256,812.753.268,Friday,4.0,1,371.666.666.667,87.109.375,646.666.666.667,965.174.129.353,March,3
2016-03-19,387,13361,9.93,7,530.0,418,38,50,2548,435,49,31,484,617.021.403,Saturday,5.0,0,7.25,898.760.330.579,371.666.666.667,87.109.375,March,3
2016-03-20,2731,6754,05.02,1,564.0,315,0,0,1237,383,35,23,427,311.928.242,Sunday,6.0,0,638.333.333.333,896.955.503.513,7.25,898.760.330.579,March,3
2016-03-21,2464,5424,04.03,10,1.047,193,7,2,8590,224,20,13,244,250.412.513,Monday,0.0,1,373.333.333.333,918.032.786.885,638.333.333.333,896.955.503.513,March,3
2016-03-22,3555,17913,13.41,15,593.0,382,22,55,2243,274,35,26,319,833.258.511,Tuesday,1.0,1,456.666.666.667,858.934.169.279,373.333.333.333,918.032.786.885,March,3
2016-03-23,3063,14324,10.89,14,669.0,222,10,59,1542,391,27,13,418,676.673.019,Wednesday,2.0,1,651.666.666.667,935.406.698.565,456.666.666.667,858.934.169.279,March,3
2016-03-24,2503,8049,06.03,8,01.09,123,3,24,8170,254,32,13,286,374.686.713,Thursday,3.0,1,423.333.333.333,888.111.888.112,651.666.666.667,935.406.698.565,March,3
2016-03-25,3052,11122,8.29,0,599.0,386,9,0,1646,204,10,5,214,515.116.559,Friday,4.0,1,3.4,953.271.028.037,423.333.333.333,888.111.888.112,March,3
2016-03-26,3021,957,7.11,1,879.0,395,0,0,1587,64,5,4,69,441.794.781,Saturday,5.0,0,106.666.666.667,927.536.231.884,3.4,953.271.028.037,March,3
2016-03-27,2223,4667,3.47,0,889.0,114,20,2,5880,457,54,35,512,215.615.737,Sunday,6.0,0,761.666.666.667,892.578.125,106.666.666.667,927.536.231.884,March,3
2016-03-28,179,0,0.0,0,1.44,0,0,0,0,0,0,0,0,0.0,Monday,0.0,1,0.0,0.0,761.666.666.667,892.578.125,March,3
2016-03-29,2648,9781,7.34,12,1.23,139,6,39,1009,0,0,0,0,456.086.314,Tuesday,1.0,1,0.0,0.0,0.0,0.0,March,3
2016-03-30,3768,21383,16.69,17,641.0,384,23,57,2417,321,40,21,361,1.037.068.199,Wednesday,2.0,1,5.35,8.891.966.759,0.0,0.0,March,3
2016-03-31,3512,20109,15.18,21,629.0,302,35,63,2107,319,25,15,344,943.241.178,Thursday,3.0,1,531.666.666.667,927.325.581.395,5.35,8.891.966.759,March,3
2016-04-01,2814,1113,8.61,8,900.0,162,3,54,1176,337,51,23,388,535.000.431,Friday,4.0,1,561.666.666.667,868.556.701.031,531.666.666.667,927.325.581.395,April,4
2016-04-02,2884,825,6.13,0,950.0,314,7,1,1335,78,6,3,85,380.900.423,Saturday,5.0,0,1.3,917.647.058.824,561.666.666.667,868.556.701.031,April,4
2016-04-03,2931,8682,6.45,0,669.0,355,0,0,1437,315,45,23,360,400.784.295,Sunday,6.0,0,5.25,87.5,1.3,917.647.058.824,April,4
2016-04-04,3314,17535,13.66,14,881.0,168,8,102,1731,184,29,16,214,848.792.786,Monday,0.0,1,306.666.666.667,859.813.084.112,5.25,87.5,April,4
2016-04-05,383,20154,15.05,3,445.0,471,28,45,258,425,25,8,450,935.163.355,Tuesday,1.0,1,708.333.333.333,944.444.444.444,306.666.666.667,859.813.084.112,April,4
2016-04-06,4112,23286,17.84,19,561.0,451,28,67,285,267,34,15,302,1.108.525.864,Wednesday,2.0,1,4.45,884.105.960.265,708.333.333.333,944.444.444.444,April,4
2016-04-07,3048,13004,9.87,14,856.0,214,3,58,1472,359,14,7,373,613.293.177,Thursday,3.0,1,598.333.333.333,962.466.487.936,4.45,884.105.960.265,April,4
2016-04-08,3241,13441,10.04,2,449.0,439,0,0,1874,379,46,24,425,623.856.484,Friday,4.0,1,631.666.666.667,891.764.705.882,598.333.333.333,962.466.487.936,April,4
2016-04-09,3038,10216,7.59,0,535.0,390,0,0,1607,507,18,10,525,471.620.589,Saturday,5.0,0,8.45,965.714.285.714,631.666.666.667,891.764.705.882,April,4
2016-04-10,2304,5634,4.19,0,921.0,92,41,4,6590,306,35,22,341,260.354.449,Sunday,6.0,0,5.1,897.360.703.812,8.45,965.714.285.714,April,4
2016-04-11,3419,17422,13.38,34,674.0,290,14,61,1928,407,50,26,457,831.394.398,Monday,0.0,1,678.333.333.333,890.590.809.628,5.1,897.360.703.812,April,4
2016-04-12,3179,14475,10.92,14,664.0,291,10,47,1696,354,37,21,391,678.537.132,Tuesday,1.0,1,5.9,90.537.084.399,678.333.333.333,890.590.809.628,April,4
2016-04-13,3427,17777,13.66,20,696.0,276,10,80,1967,365,65,31,430,848.792.786,Wednesday,2.0,1,608.333.333.333,848.837.209.302,5.9,90.537.084.399,April,4
2016-04-14,3479,19087,14.65,17,711.0,221,12,96,1954,278,26,18,304,910.308.515,Thursday,3.0,1,463.333.333.333,914.473.684.211,608.333.333.333,848.837.209.302,April,4
2016-04-15,3501,1629,12.2,12,467.0,427,25,11,2166,396,50,20,446,75.807.262,Friday,4.0,1,6.6,887.892.376.682,463.333.333.333,914.473.684.211,April,4
2016-04-16,3342,14252,10.64,6,675.0,323,60,18,1947,404,67,25,471,661.138.744,Saturday,5.0,0,673.333.333.333,857.749.469.214,6.6,887.892.376.682,April,4
2016-04-17,2769,8262,6.14,3,1.089,302,0,0,1266,0,0,0,0,381.521.794,Sunday,6.0,0,0.0,0.0,673.333.333.333,857.749.469.214,April,4
2016-04-18,3486,1945,15.06,18,860.0,190,6,98,1926,307,28,12,335,935.784.726,Monday,0.0,1,511.666.666.667,916.417.910.448,0.0,0.0,April,4
2016-04-19,3596,17232,13.61,17,1.002,262,4,88,2085,0,0,0,0,845.685.931,Tuesday,1.0,1,0.0,0.0,511.666.666.667,916.417.910.448,April,4
2016-04-20,3321,16946,12.93,25,762.0,238,5,67,1795,411,31,17,442,803.432.703,Wednesday,2.0,1,6.85,929.864.253.394,0.0,0.0,April,4
2016-04-21,3464,19183,14.67,24,723.0,218,7,97,1964,341,27,17,368,911.551.257,Thursday,3.0,1,568.333.333.333,926.630.434.783,6.85,929.864.253.394,April,4
2016-04-22,3328,12963,9.66,10,404.0,436,14,10,202,430,62,39,492,600.244.386,Friday,4.0,1,716.666.666.667,873.983.739.837,568.333.333.333,926.630.434.783,April,4
2016-04-23,2612,6456,4.8,6,782.0,305,0,0,1135,305,42,28,348,29.825.808,Saturday,5.0,0,508.333.333.333,876.436.781.609,716.666.666.667,873.983.739.837,April,4
2016-04-24,2863,10413,7.73,6,700.0,269,28,24,1411,375,56,31,431,480.319.783,Sunday,6.0,0,6.25,870.069.605.568,508.333.333.333,876.436.781.609,April,4
2016-04-25,3175,10499,7.8,0,661.0,430,9,4,1805,237,28,14,265,48.466.938,Monday,0.0,1,3.95,894.339.622.642,6.25,870.069.605.568,April,4
2016-04-26,3357,17226,12.97,19,751.0,185,16,95,1798,360,20,10,380,805.918.187,Tuesday,1.0,1,6.0,947.368.421.053,3.95,894.339.622.642,April,4
2016-04-27,3631,19784,15.51,25,694.0,151,26,128,207,361,49,27,410,963.746.421,Wednesday,2.0,1,601.666.666.667,880.487.804.878,6.0,947.368.421.053,April,4
2016-04-28,403,25571,19.3,15,606.0,293,42,129,2711,374,56,34,430,119.924.603,Thursday,3.0,1,623.333.333.333,86.976.744.186,601.666.666.667,880.487.804.878,April,4
2016-04-29,3442,17528,13.36,15,594.0,239,8,82,1931,348,20,9,368,830.151.656,Friday,4.0,1,5.8,945.652.173.913,623.333.333.333,86.976.744.186,April,4
2016-04-30,3061,9831,7.3,1,561.0,414,0,0,1651,454,48,27,502,45.360.083,Saturday,5.0,0,756.666.666.667,90.438.247.012,5.8,945.652.173.913,April,4
2016-05-01,3331,14262,10.6,5,666.0,361,21,41,1937,347,41,20,388,65.865.326,Sunday,6.0,0,578.333.333.333,894.329.896.907,756.666.666.667,90.438.247.012,May,5
2016-05-02,2989,13236,9.98,12,770.0,234,8,38,1477,314,34,23,348,620.128.258,Monday,0.0,1,523.333.333.333,902.298.850.575,578.333.333.333,894.329.896.907,May,5
2016-05-03,3796,18588,14.13,16,599.0,275,49,79,236,377,33,18,410,877.997.223,Tuesday,1.0,1,628.333.333.333,919.512.195.122,523.333.333.333,902.298.850.575,May,5
2016-05-04,3525,16382,12.39,16,684.0,333,10,55,2075,406,21,8,427,769.878.669,Wednesday,2.0,1,676.666.666.667,950.819.672.131,628.333.333.333,919.512.195.122,May,5
2016-05-05,3649,21913,16.4,19,701.0,287,29,90,2249,280,35,15,315,101.904.844,Thursday,3.0,1,466.666.666.667,888.888.888.889,676.666.666.667,950.819.672.131,May,5
2016-05-06,3539,19023,14.79,15,575.0,298,8,85,2112,370,42,22,412,919.007.709,Friday,4.0,1,616.666.666.667,898.058.252.427,466.666.666.667,888.888.888.889,May,5
2016-05-07,304,9526,07.08,2,564.0,370,13,10,1604,502,57,31,563,439.930.668,Saturday,5.0,0,836.666.666.667,891.651.865.009,616.666.666.667,898.058.252.427,May,5